{
  "l_vol_rsi_std": {
    "high_vol": {
      "5": {
        "verdict": "FAIL",
        "train_ic": 0.04011270020983637,
        "val_ic": -0.02776173046090924,
        "decay_rate": 0.3079067149385881,
        "direction_consistent": false,
        "train_significant": true,
        "val_significant": false,
        "train_p_value": 0.0,
        "val_p_value": 0.3065
      },
      "10": {
        "verdict": "FAIL",
        "train_ic": 0.050960163587259744,
        "val_ic": -0.06649190321938825,
        "decay_rate": -0.3047819814301284,
        "direction_consistent": false,
        "train_significant": true,
        "val_significant": true,
        "train_p_value": 0.0,
        "val_p_value": 0.0144
      },
      "20": {
        "verdict": "WARN",
        "train_ic": 0.07554217280418962,
        "val_ic": 0.019448882744886764,
        "decay_rate": 0.7425427145801118,
        "direction_consistent": true,
        "train_significant": true,
        "val_significant": false,
        "train_p_value": 0.0,
        "val_p_value": 0.4686
      }
    },
    "mid_vol": {
      "5": {
        "verdict": "WARN",
        "train_ic": 0.008518324970377522,
        "val_ic": 0.01020380429912393,
        "decay_rate": -0.19786511252008623,
        "direction_consistent": true,
        "train_significant": false,
        "val_significant": false,
        "train_p_value": 0.1296,
        "val_p_value": 0.4291
      },
      "10": {
        "verdict": "PASS",
        "train_ic": 0.008906056704087395,
        "val_ic": 0.026206369616090464,
        "decay_rate": -1.9425334339116846,
        "direction_consistent": true,
        "train_significant": false,
        "val_significant": true,
        "train_p_value": 0.1085,
        "val_p_value": 0.0459
      },
      "20": {
        "verdict": "WARN",
        "train_ic": 0.02348836765327944,
        "val_ic": 0.020048620521213034,
        "decay_rate": 0.14644470756085723,
        "direction_consistent": true,
        "train_significant": true,
        "val_significant": false,
        "train_p_value": 0.0001,
        "val_p_value": 0.1207
      }
    },
    "low_vol": {
      "5": {
        "verdict": "WARN",
        "train_ic": 0.0041076970187283735,
        "val_ic": 0.0015041126499646396,
        "decay_rate": 0.6338306737067306,
        "direction_consistent": true,
        "train_significant": false,
        "val_significant": false,
        "train_p_value": 0.1986,
        "val_p_value": 0.7365
      },
      "10": {
        "verdict": "FAIL",
        "train_ic": 0.002485284808172894,
        "val_ic": -0.00027928062971716017,
        "decay_rate": 0.8876263079391377,
        "direction_consistent": false,
        "train_significant": false,
        "val_significant": false,
        "train_p_value": 0.4323,
        "val_p_value": 0.9491
      },
      "20": {
        "verdict": "PASS",
        "train_ic": 0.009017938070077669,
        "val_ic": 0.028337534148979437,
        "decay_rate": -2.1423518246378213,
        "direction_consistent": true,
        "train_significant": true,
        "val_significant": true,
        "train_p_value": 0.0042,
        "val_p_value": 0.0
      }
    }
  },
  "TrendQuality": {
    "high_vol": {
      "5": {
        "verdict": "PASS",
        "train_ic": 0.06545205117922936,
        "val_ic": 0.18845430177153122,
        "decay_rate": -1.8792726641290585,
        "direction_consistent": true,
        "train_significant": true,
        "val_significant": true,
        "train_p_value": 0.0,
        "val_p_value": 0.0
      },
      "10": {
        "verdict": "PASS",
        "train_ic": 0.03439337240394247,
        "val_ic": 0.18660578429401853,
        "decay_rate": -4.425632069527097,
        "direction_consistent": true,
        "train_significant": true,
        "val_significant": true,
        "train_p_value": 0.0,
        "val_p_value": 0.0
      },
      "20": {
        "verdict": "PASS",
        "train_ic": 0.010842223539798801,
        "val_ic": 0.1825212292052789,
        "decay_rate": -15.834298659799257,
        "direction_consistent": true,
        "train_significant": false,
        "val_significant": true,
        "train_p_value": 0.1792,
        "val_p_value": 0.0
      }
    },
    "mid_vol": {
      "5": {
        "verdict": "PASS",
        "train_ic": 0.016548788763136923,
        "val_ic": 0.029695781238454066,
        "decay_rate": -0.7944383521652403,
        "direction_consistent": true,
        "train_significant": true,
        "val_significant": true,
        "train_p_value": 0.0034,
        "val_p_value": 0.0197
      },
      "10": {
        "verdict": "FAIL",
        "train_ic": -0.01610779950047969,
        "val_ic": 0.02987336024846332,
        "decay_rate": -0.8545897748214267,
        "direction_consistent": false,
        "train_significant": true,
        "val_significant": true,
        "train_p_value": 0.003,
        "val_p_value": 0.0192
      },
      "20": {
        "verdict": "FAIL",
        "train_ic": -0.012470223230653943,
        "val_ic": 0.011640352531130937,
        "decay_rate": 0.06654818315385415,
        "direction_consistent": false,
        "train_significant": true,
        "val_significant": false,
        "train_p_value": 0.0248,
        "val_p_value": 0.3614
      }
    },
    "low_vol": {
      "5": {
        "verdict": "WARN",
        "train_ic": -0.020081205968359495,
        "val_ic": -0.009058633285776052,
        "decay_rate": 0.5488999365850294,
        "direction_consistent": true,
        "train_significant": true,
        "val_significant": true,
        "train_p_value": 0.0,
        "val_p_value": 0.0409
      },
      "10": {
        "verdict": "WARN",
        "train_ic": -0.042799231593084075,
        "val_ic": -0.007301456315444321,
        "decay_rate": 0.8294021634579027,
        "direction_consistent": true,
        "train_significant": true,
        "val_significant": false,
        "train_p_value": 0.0,
        "val_p_value": 0.1074
      },
      "20": {
        "verdict": "WARN",
        "train_ic": -0.027339949382483075,
        "val_ic": -0.002856910183817174,
        "decay_rate": 0.8955041889855283,
        "direction_consistent": true,
        "train_significant": true,
        "val_significant": false,
        "train_p_value": 0.0,
        "val_p_value": 0.5242
      }
    }
  }
}